<?xml version="1.0" encoding="utf-8"?>
<domain xmlns="http://cayenne.apache.org/schema/10/domain"
	 xmlns:xsi="http://www.w3.org/2001/XMLSchema-instance"
	 xsi:schemaLocation="http://cayenne.apache.org/schema/10/domain https://cayenne.apache.org/schema/10/domain.xsd"
	 project-version="10">
	<map name="datamap"/>
	<node name="Derby"
		 factory="org.apache.cayenne.configuration.server.XMLPoolingDataSourceFactory"
		 schema-update-strategy="org.apache.cayenne.access.dbsync.CreateIfNoSchemaStrategy">
		<map-ref name="datamap"/>
		<data-source>
			<driver value="org.apache.derby.jdbc.EmbeddedDriver"/>
			<url value="jdbc:derby:memory:testdb;create=true"/>
			<connectionPool min="1" max="1"/>
			<login/>
		</data-source>
	</node>
	<xi:include xmlns:xi="http://www.w3.org/2001/XInclude" href="estimate.graph.xml"/>
</domain>
