<project xsi:schemaLocation="http://maven.apache.org/POM/4.0.0 http://maven.apache.org/maven-v4_0_0.xsd"
         xmlns:xsi="http://www.w3.org/2001/XMLSchema-instance" xmlns="http://maven.apache.org/POM/4.0.0">
        <modelVersion>4.0.0</modelVersion>
	<parent>
		<groupId>org.springframework.boot</groupId>
		<artifactId>spring-boot-starter-parent</artifactId>
		<version>2.5.4</version>
		<relativePath/>
	</parent>
    <groupId>edu.ndsu.cs</groupId>
    <artifactId>estimate</artifactId>
    <version>1.0</version>
    <packaging>war</packaging>
    <name>estimate Tapestry 5 Application</name>
    <properties>
        <project.build.sourceEncoding>UTF-8</project.build.sourceEncoding>
        <spring-boot-version>2.5.4</spring-boot-version>
        <tapestry-version>5.8.3</tapestry-version>
        <jackson-version>2.13.1</jackson-version>
        <log4j-version>2.17.2</log4j-version>
        <json-version>1.1.4</json-version>
        <junit-version>5.8.2</junit-version>
        <yasson-version>2.0.4</yasson-version>
        <servlet-version>3.1.0</servlet-version>
        <maven-compiler-version>3.8.1</maven-compiler-version>
        <maven-surefire-version>3.0.0-M5</maven-surefire-version>
    </properties>
    <repositories>
        <repository>
            <id>apache-staging</id>
            <url>https://repository.apache.org/content/repositories/staging/</url>
        </repository>
    </repositories>
    <dependencies>
        <!-- Spring -->
        <dependency>
            <groupId>org.springframework.boot</groupId>
            <artifactId>spring-boot-starter</artifactId>
            <scope>compile</scope>
            <exclusions>
                <exclusion>
                    <groupId>org.springframework.boot</groupId>
                    <artifactId>spring-boot-starter-logging</artifactId>
                </exclusion>
            </exclusions>
        </dependency>
        <dependency>
            <groupId>org.springframework.boot</groupId>
            <artifactId>spring-boot-starter-web</artifactId>
            <scope>compile</scope>
            <exclusions>
                <exclusion>
                    <groupId>org.springframework.boot</groupId>
                    <artifactId>spring-boot-starter-logging</artifactId>
                </exclusion>
            </exclusions>
        </dependency>
        <dependency>
            <groupId>org.springframework.boot</groupId>
            <artifactId>spring-boot-starter-log4j2</artifactId>
            <scope>compile</scope>
        </dependency>
        <!-- Apache Tapestry -->
        <dependency>
            <groupId>org.apache.tapestry</groupId>
            <artifactId>tapestry-core</artifactId>
            <version>${tapestry-version}</version>
            <scope>compile</scope>
        </dependency>
        <!-- CoffeeScript & Less support, plus resource minification -->
        <dependency>
            <groupId>org.apache.tapestry</groupId>
            <artifactId>tapestry-webresources</artifactId>
            <version>${tapestry-version}</version>
            <scope>compile</scope>
        </dependency>
        <!-- Uncomment this to add support for spring, hibernate, bean validation and file uploads -->
        <!--
        <dependency>
            <groupId>org.apache.tapestry</groupId>
            <artifactId>tapestry-spring</artifactId>
            <version>${tapestry-version}</version>
            <scope>compile</scope>
        </dependency>
        <dependency>
            <groupId>org.apache.tapestry</groupId>
            <artifactId>tapestry-hibernate</artifactId>
            <version>${tapestry-version}</version>
            <scope>compile</scope>
        </dependency>
        <dependency>
            <groupId>org.apache.tapestry</groupId>
            <artifactId>tapestry-beanvalidator</artifactId>
            <version>${tapestry-version}</version>
            <scope>compile</scope>
        </dependency>
        <dependency>
            <groupId>org.apache.tapestry</groupId>
            <artifactId>tapestry-upload</artifactId>
            <version>${tapestry-version}</version>
            <scope>compile</scope>
        </dependency>
        -->
        <!-- Unit Testing -->
        <dependency>
            <groupId>org.apache.tapestry</groupId>
            <artifactId>tapestry-test</artifactId>
            <version>${tapestry-version}</version>
            <scope>test</scope>
        </dependency>
        <dependency>
            <groupId>org.junit.jupiter</groupId>
            <artifactId>junit-jupiter</artifactId>
            <version>${junit-version}</version>
            <scope>test</scope>
        </dependency>
        <!-- Miscellaneous -->
        <dependency>
            <groupId>org.apache.logging.log4j</groupId>
            <artifactId>log4j-api</artifactId>
            <version>${log4j-version}</version>
        </dependency>
        <dependency>
            <groupId>org.apache.logging.log4j</groupId>
            <artifactId>log4j-core</artifactId>
            <version>${log4j-version}</version>
        </dependency>
        <dependency>
            <groupId>org.apache.logging.log4j</groupId>
            <artifactId>log4j-slf4j-impl</artifactId>
            <version>${log4j-version}</version>
        </dependency>
        <dependency>
            <groupId>org.eclipse</groupId>
            <artifactId>yasson</artifactId>
            <version>${yasson-version}</version>
        </dependency>
        <dependency>
            <groupId>com.fasterxml.jackson.core</groupId>
            <artifactId>jackson-core</artifactId>
            <version>${jackson-version}</version>
        </dependency>
        <dependency>
            <groupId>com.fasterxml.jackson.core</groupId>
            <artifactId>jackson-databind</artifactId>
            <version>${jackson-version}</version>
        </dependency>
        <dependency>
            <groupId>com.fasterxml.jackson.dataformat</groupId>
            <artifactId>jackson-dataformat-yaml</artifactId>
            <version>${jackson-version}</version>
        </dependency>
        <dependency>
            <groupId>javax.servlet</groupId>
            <artifactId>javax.servlet-api</artifactId>
            <version>${servlet-version}</version>
            <scope>provided</scope>
        </dependency>
    </dependencies>
    <build>
        <plugins>
            <plugin>
                <groupId>org.apache.maven.plugins</groupId>
                <artifactId>maven-enforcer-plugin</artifactId>
                <version>3.0.0</version>
                <executions>
                    <execution>
                        <id>enforce-maven</id>
                        <goals>
                            <goal>enforce</goal>
                        </goals>
                        <configuration>
                            <rules>
                                <requireMavenVersion>
                                    <version>3.5.0</version>
                                </requireMavenVersion>
                            </rules>
                        </configuration>
                    </execution>
                </executions>
            </plugin>
            <plugin>
                <groupId>org.apache.maven.plugins</groupId>
                <artifactId>maven-compiler-plugin</artifactId>
                <version>${maven-compiler-version}</version>
                <configuration>
                    <release>11</release>
                </configuration>
            </plugin>
            <plugin>
                <groupId>org.apache.maven.plugins</groupId>
                <artifactId>maven-surefire-plugin</artifactId>
                <version>${maven-surefire-version}</version>
                <configuration>
                    <systemPropertyVariables>
                        <propertyName>firefox</propertyName>
                    </systemPropertyVariables>
                </configuration>
                <dependencies>
                    <dependency>
                        <groupId>org.apache.maven.surefire</groupId>
                        <artifactId>surefire-junit-platform</artifactId>
                        <version>${maven-surefire-version}</version>
                    </dependency>
                    <dependency>
                        <groupId>org.apache.maven.surefire</groupId>
                        <artifactId>surefire-testng</artifactId>
                        <version>${maven-surefire-version}</version>
                    </dependency>
                </dependencies>
            </plugin>
            <plugin>
                <groupId>org.springframework.boot</groupId>
                <artifactId>spring-boot-maven-plugin</artifactId>
            </plugin>
        </plugins>
    </build>
</project>
